{"cameraMode":{"drawMode":0,"name":"Shaded","section":"Shading Mode"},"sceneLighting":false,"audioPlay":false,"sceneViewState":{"m_AlwaysRefresh":false,"showFog":true,"showSkybox":false,"showFlares":true,"showImageEffects":true,"showParticleSystems":true,"showVisualEffectGraphs":true,"m_FxEnabled":true},"in2DMode":false,"pivot":{"x":0.08273836970329285,"y":0.03548307344317436,"z":-0.05603473633527756},"rotation":{"x":-0.044811323285102847,"y":0.14543436467647553,"z":-0.006596966180950403,"w":-0.9883679747581482},"size":0.8432013988494873,"orthographic":false}